title,url
Volume 41 Number 3 2024,https://www.jmis-web.org/issues/164
Volume 41 Number 2 2024,https://www.jmis-web.org/issues/163
Volume 41 Number 1 2024,https://www.jmis-web.org/issues/162
Volume 40 Number 4 2023,https://www.jmis-web.org/issues/161
Volume 40 Number 3 2023,https://www.jmis-web.org/issues/160
Volume 40 Number 2 2023,https://www.jmis-web.org/issues/159
Volume 40 Number 1 2023,https://www.jmis-web.org/issues/158
Volume 39 Number 4 2022,https://www.jmis-web.org/issues/157
Volume 39 Number 3 2022,https://www.jmis-web.org/issues/156
Volume 39 Number 2 2022,https://www.jmis-web.org/issues/155
Volume 39 Number 1 2022,https://www.jmis-web.org/issues/154
Volume 38 Number 4 2021,https://www.jmis-web.org/issues/153
Volume 38 Number 3 2021,https://www.jmis-web.org/issues/152
Volume 38 Number 2 2021,https://www.jmis-web.org/issues/151
Volume 38 Number 1 2021,https://www.jmis-web.org/issues/150
Volume 37 Number 4 2020,https://www.jmis-web.org/issues/149
Volume 37 Number 3 2020,https://www.jmis-web.org/issues/148
Volume 37 Number 2 2020,https://www.jmis-web.org/issues/147
Volume 37 Number 1 2020,https://www.jmis-web.org/issues/146
Volume 36 Number 4 2019,https://www.jmis-web.org/issues/145
Volume 36 Number 3 2019,https://www.jmis-web.org/issues/144
Volume 36 Number 2 2019,https://www.jmis-web.org/issues/143
Volume 36 Number 1 2019,https://www.jmis-web.org/issues/142
Volume 35 Number 4 2018,https://www.jmis-web.org/issues/141
Volume 35 Number 3 2018,https://www.jmis-web.org/issues/140
Volume 35 Number 2 2018,https://www.jmis-web.org/issues/139
Volume 35 Number 1 2018,https://www.jmis-web.org/issues/138
Volume 34 Number 4 2017,https://www.jmis-web.org/issues/137
Volume 34 Number 3 2017,https://www.jmis-web.org/issues/136
Volume 34 Number 2 2017,https://www.jmis-web.org/issues/135
Volume 34 Number 1 2017,https://www.jmis-web.org/issues/134
Volume 33 Number 4 2016,https://www.jmis-web.org/issues/133
Volume 33 Number 3 2016,https://www.jmis-web.org/issues/132
Volume 33 Number 2 2016,https://www.jmis-web.org/issues/131
Volume 33 Number 1 2016,https://www.jmis-web.org/issues/130
Volume 32 Number 4 2015,https://www.jmis-web.org/issues/129
Volume 32 Number 3 2015,https://www.jmis-web.org/issues/128
Volume 32 Number 2 2015,https://www.jmis-web.org/issues/127
Volume 32 Number 1 2015,https://www.jmis-web.org/issues/126
Spring Volume 31 Number 4 2015,https://www.jmis-web.org/issues/125
Winter Volume 31 Number 3 2014,https://www.jmis-web.org/issues/124
Fall Volume 31 Number 2 2014,https://www.jmis-web.org/issues/123
Summer Volume 31 Number 1 2014,https://www.jmis-web.org/issues/122
Spring Volume 30 Number 4 2014,https://www.jmis-web.org/issues/120
Winter Volume 30 Number 3 2013,https://www.jmis-web.org/issues/30
Fall Volume 30 Number 2 2013,https://www.jmis-web.org/issues/41
Summer Volume 30 Number 1 2013,https://www.jmis-web.org/issues/100
Spring Volume 29 Number 4 2013,https://www.jmis-web.org/issues/64
Winter Volume 29 Number 3 2012,https://www.jmis-web.org/issues/27
Fall Volume 29 Number 2 2012,https://www.jmis-web.org/issues/24
Summer Volume 29 Number 1 2012,https://www.jmis-web.org/issues/66
Spring Volume 28 Number 4 2012,https://www.jmis-web.org/issues/7
Winter Volume 28 Number 3 2011,https://www.jmis-web.org/issues/65
Fall Volume 28 Number 2 2011,https://www.jmis-web.org/issues/43
Summer Volume 28 Number 1 2011,https://www.jmis-web.org/issues/22
Spring Volume 27 Number 4 2011,https://www.jmis-web.org/issues/20
Winter Volume 27 Number 3 2010,https://www.jmis-web.org/issues/90
Fall Volume 27 Number 2 2010,https://www.jmis-web.org/issues/80
Summer Volume 27 Number 1 2010,https://www.jmis-web.org/issues/18
Spring Volume 26 Number 4 2010,https://www.jmis-web.org/issues/48
Winter Volume 26 Number 3 2009,https://www.jmis-web.org/issues/40
Fall Volume 26 Number 2 2009,https://www.jmis-web.org/issues/33
Summer Volume 26 Number 1 2009,https://www.jmis-web.org/issues/71
Spring Volume 25 Number 4 2009,https://www.jmis-web.org/issues/106
Winter Volume 25 Number 3 2008,https://www.jmis-web.org/issues/45
Fall Volume 25 Number 2 2008,https://www.jmis-web.org/issues/37
Summer Volume 25 Number 1 2008,https://www.jmis-web.org/issues/1
Spring Volume 24 Number 4 2008,https://www.jmis-web.org/issues/32
Winter Volume 24 Number 3 2007,https://www.jmis-web.org/issues/89
Fall Volume 24 Number 2 2007,https://www.jmis-web.org/issues/26
Summer Volume 24 Number 1 2007,https://www.jmis-web.org/issues/108
Spring Volume 23 Number 4 2007,https://www.jmis-web.org/issues/68
Winter Volume 23 Number 3 2006,https://www.jmis-web.org/issues/112
Fall Volume 23 Number 2 2006,https://www.jmis-web.org/issues/47
Summer Volume 23 Number 1 2006,https://www.jmis-web.org/issues/61
Spring Volume 22 Number 4 2006,https://www.jmis-web.org/issues/77
Winter Volume 22 Number 3 2005,https://www.jmis-web.org/issues/15
Fall Volume 22 Number 2 2005,https://www.jmis-web.org/issues/29
Summer Volume 22 Number 1 2005,https://www.jmis-web.org/issues/86
Spring Volume 21 Number 4 2005,https://www.jmis-web.org/issues/62
Winter Volume 21 Number 3 2004,https://www.jmis-web.org/issues/93
Fall Volume 21 Number 2 2004,https://www.jmis-web.org/issues/46
Summer Volume 21 Number 1 2004,https://www.jmis-web.org/issues/102
Spring Volume 20 Number 4 2004,https://www.jmis-web.org/issues/76
Winter Volume 20 Number 3 2003,https://www.jmis-web.org/issues/39
Fall Volume 20 Number 2 2003,https://www.jmis-web.org/issues/31
Summer Volume 20 Number 1 2003,https://www.jmis-web.org/issues/116
Spring Volume 19 Number 4 2003,https://www.jmis-web.org/issues/73
Winter Volume 19 Number 3 2002,https://www.jmis-web.org/issues/83
Fall Volume 19 Number 2 2002,https://www.jmis-web.org/issues/60
Summer Volume 19 Number 1 2002,https://www.jmis-web.org/issues/13
Spring Volume 18 Number 4 2002,https://www.jmis-web.org/issues/49
Winter Volume 18 Number 3 2001,https://www.jmis-web.org/issues/23
Fall Volume 18 Number 2 2001,https://www.jmis-web.org/issues/28
Summer Volume 18 Number 1 2001,https://www.jmis-web.org/issues/58
Spring Volume 17 Number 4 2001,https://www.jmis-web.org/issues/50
Winter Volume 17 Number 3 2000,https://www.jmis-web.org/issues/111
Fall Volume 17 Number 2 2000,https://www.jmis-web.org/issues/92
Summer Volume 17 Number 1 2000,https://www.jmis-web.org/issues/82
Spring Volume 16 Number 4 2000,https://www.jmis-web.org/issues/87
Winter Volume 16 Number 3 1999,https://www.jmis-web.org/issues/75
Fall Volume 16 Number 2 1999,https://www.jmis-web.org/issues/94
Summer Volume 16 Number 1 1999,https://www.jmis-web.org/issues/38
Spring Volume 15 Number 4 1999,https://www.jmis-web.org/issues/103
Winter Volume 15 Number 3 1998,https://www.jmis-web.org/issues/72
Fall Volume 15 Number 2 1998,https://www.jmis-web.org/issues/11
Summer Volume 15 Number 1 1998,https://www.jmis-web.org/issues/119
Spring Volume 14 Number 4 1998,https://www.jmis-web.org/issues/104
Winter Volume 14 Number 3 1997,https://www.jmis-web.org/issues/78
Fall Volume 14 Number 2 1997,https://www.jmis-web.org/issues/95
Summer Volume 14 Number 1 1997,https://www.jmis-web.org/issues/56
Spring Volume 13 Number 4 1997,https://www.jmis-web.org/issues/55
Winter Volume 13 Number 3 1996,https://www.jmis-web.org/issues/113
Fall Volume 13 Number 2 1996,https://www.jmis-web.org/issues/8
Summer Volume 13 Number 1 1996,https://www.jmis-web.org/issues/107
Spring Volume 12 Number 4 1996,https://www.jmis-web.org/issues/70
Winter Volume 12 Number 3 1995,https://www.jmis-web.org/issues/101
Fall Volume 12 Number 2 1995,https://www.jmis-web.org/issues/88
Summer Volume 12 Number 1 1995,https://www.jmis-web.org/issues/97
Spring Volume 11 Number 4 1995,https://www.jmis-web.org/issues/57
Winter Volume 11 Number 3 1994,https://www.jmis-web.org/issues/52
Fall Volume 11 Number 2 1994,https://www.jmis-web.org/issues/6
Summer Volume 11 Number 1 1994,https://www.jmis-web.org/issues/117
Spring Volume 10 Number 4 1994,https://www.jmis-web.org/issues/51
Winter Volume 10 Number 3 1993,https://www.jmis-web.org/issues/34
Fall Volume 10 Number 2 1993,https://www.jmis-web.org/issues/36
Summer Volume 10 Number 1 1993,https://www.jmis-web.org/issues/44
Spring Volume 9 Number 4 1993,https://www.jmis-web.org/issues/110
Winter Volume 9 Number 3 1992,https://www.jmis-web.org/issues/74
Fall Volume 9 Number 2 1992,https://www.jmis-web.org/issues/3
Summer Volume 9 Number 1 1992,https://www.jmis-web.org/issues/10
Spring Volume 8 Number 4 1992,https://www.jmis-web.org/issues/14
Winter Volume 8 Number 3 1991,https://www.jmis-web.org/issues/42
Fall Volume 8 Number 2 1991,https://www.jmis-web.org/issues/35
Summer Volume 8 Number 1 1991,https://www.jmis-web.org/issues/21
Spring Volume 7 Number 4 1991,https://www.jmis-web.org/issues/99
Winter Volume 7 Number 3 1990,https://www.jmis-web.org/issues/91
Fall Volume 7 Number 2 1990,https://www.jmis-web.org/issues/19
Summer Volume 7 Number 1 1990,https://www.jmis-web.org/issues/9
Spring Volume 6 Number 4 1990,https://www.jmis-web.org/issues/4
Winter Volume 6 Number 3 1989,https://www.jmis-web.org/issues/69
Fall Volume 6 Number 2 1989,https://www.jmis-web.org/issues/79
Summer Volume 6 Number 1 1989,https://www.jmis-web.org/issues/2
Spring Volume 5 Number 4 1989,https://www.jmis-web.org/issues/67
Winter Volume 5 Number 3 1988,https://www.jmis-web.org/issues/118
Fall Volume 5 Number 2 1988,https://www.jmis-web.org/issues/98
Summer Volume 5 Number 1 1988,https://www.jmis-web.org/issues/84
Spring Volume 4 Number 4 1988,https://www.jmis-web.org/issues/53
Winter Volume 4 Number 3 1987,https://www.jmis-web.org/issues/16
Fall Volume 4 Number 2 1987,https://www.jmis-web.org/issues/5
Summer Volume 4 Number 1 1987,https://www.jmis-web.org/issues/105
Spring Volume 3 Number 4 1987,https://www.jmis-web.org/issues/25
Winter Volume 3 Number 3 1986,https://www.jmis-web.org/issues/54
Fall Volume 3 Number 2 1986,https://www.jmis-web.org/issues/63
Summer Volume 3 Number 1 1986,https://www.jmis-web.org/issues/81
Spring Volume 2 Number 4 1986,https://www.jmis-web.org/issues/114
Winter Volume 2 Number 3 1985,https://www.jmis-web.org/issues/17
Fall Volume 2 Number 2 1985,https://www.jmis-web.org/issues/59
Summer Volume 2 Number 1 1985,https://www.jmis-web.org/issues/12
Spring Volume 1 Number 4 1985,https://www.jmis-web.org/issues/85
Winter Volume 1 Number 3 1984,https://www.jmis-web.org/issues/115
Fall Volume 1 Number 2 1984,https://www.jmis-web.org/issues/109
Summer Volume 1 Number 1 1984,https://www.jmis-web.org/issues/96
title,url
Volume 41 Number 3 2024,https://www.jmis-web.org/issues/164
Volume 41 Number 2 2024,https://www.jmis-web.org/issues/163
Volume 41 Number 1 2024,https://www.jmis-web.org/issues/162
Volume 40 Number 4 2023,https://www.jmis-web.org/issues/161
Volume 40 Number 3 2023,https://www.jmis-web.org/issues/160
Volume 40 Number 2 2023,https://www.jmis-web.org/issues/159
Volume 40 Number 1 2023,https://www.jmis-web.org/issues/158
Volume 39 Number 4 2022,https://www.jmis-web.org/issues/157
Volume 39 Number 3 2022,https://www.jmis-web.org/issues/156
Volume 39 Number 2 2022,https://www.jmis-web.org/issues/155
Volume 39 Number 1 2022,https://www.jmis-web.org/issues/154
Volume 38 Number 4 2021,https://www.jmis-web.org/issues/153
Volume 38 Number 3 2021,https://www.jmis-web.org/issues/152
Volume 38 Number 2 2021,https://www.jmis-web.org/issues/151
Volume 38 Number 1 2021,https://www.jmis-web.org/issues/150
Volume 37 Number 4 2020,https://www.jmis-web.org/issues/149
Volume 37 Number 3 2020,https://www.jmis-web.org/issues/148
Volume 37 Number 2 2020,https://www.jmis-web.org/issues/147
Volume 37 Number 1 2020,https://www.jmis-web.org/issues/146
Volume 36 Number 4 2019,https://www.jmis-web.org/issues/145
Volume 36 Number 3 2019,https://www.jmis-web.org/issues/144
Volume 36 Number 2 2019,https://www.jmis-web.org/issues/143
Volume 36 Number 1 2019,https://www.jmis-web.org/issues/142
Volume 35 Number 4 2018,https://www.jmis-web.org/issues/141
Volume 35 Number 3 2018,https://www.jmis-web.org/issues/140
Volume 35 Number 2 2018,https://www.jmis-web.org/issues/139
Volume 35 Number 1 2018,https://www.jmis-web.org/issues/138
Volume 34 Number 4 2017,https://www.jmis-web.org/issues/137
Volume 34 Number 3 2017,https://www.jmis-web.org/issues/136
Volume 34 Number 2 2017,https://www.jmis-web.org/issues/135
Volume 34 Number 1 2017,https://www.jmis-web.org/issues/134
Volume 33 Number 4 2016,https://www.jmis-web.org/issues/133
Volume 33 Number 3 2016,https://www.jmis-web.org/issues/132
Volume 33 Number 2 2016,https://www.jmis-web.org/issues/131
Volume 33 Number 1 2016,https://www.jmis-web.org/issues/130
Volume 32 Number 4 2015,https://www.jmis-web.org/issues/129
Volume 32 Number 3 2015,https://www.jmis-web.org/issues/128
Volume 32 Number 2 2015,https://www.jmis-web.org/issues/127
Volume 32 Number 1 2015,https://www.jmis-web.org/issues/126
Spring Volume 31 Number 4 2015,https://www.jmis-web.org/issues/125
Winter Volume 31 Number 3 2014,https://www.jmis-web.org/issues/124
Fall Volume 31 Number 2 2014,https://www.jmis-web.org/issues/123
Summer Volume 31 Number 1 2014,https://www.jmis-web.org/issues/122
Spring Volume 30 Number 4 2014,https://www.jmis-web.org/issues/120
Winter Volume 30 Number 3 2013,https://www.jmis-web.org/issues/30
Fall Volume 30 Number 2 2013,https://www.jmis-web.org/issues/41
Summer Volume 30 Number 1 2013,https://www.jmis-web.org/issues/100
Spring Volume 29 Number 4 2013,https://www.jmis-web.org/issues/64
Winter Volume 29 Number 3 2012,https://www.jmis-web.org/issues/27
Fall Volume 29 Number 2 2012,https://www.jmis-web.org/issues/24
Summer Volume 29 Number 1 2012,https://www.jmis-web.org/issues/66
Spring Volume 28 Number 4 2012,https://www.jmis-web.org/issues/7
Winter Volume 28 Number 3 2011,https://www.jmis-web.org/issues/65
Fall Volume 28 Number 2 2011,https://www.jmis-web.org/issues/43
Summer Volume 28 Number 1 2011,https://www.jmis-web.org/issues/22
Spring Volume 27 Number 4 2011,https://www.jmis-web.org/issues/20
Winter Volume 27 Number 3 2010,https://www.jmis-web.org/issues/90
Fall Volume 27 Number 2 2010,https://www.jmis-web.org/issues/80
Summer Volume 27 Number 1 2010,https://www.jmis-web.org/issues/18
Spring Volume 26 Number 4 2010,https://www.jmis-web.org/issues/48
Winter Volume 26 Number 3 2009,https://www.jmis-web.org/issues/40
Fall Volume 26 Number 2 2009,https://www.jmis-web.org/issues/33
Summer Volume 26 Number 1 2009,https://www.jmis-web.org/issues/71
Spring Volume 25 Number 4 2009,https://www.jmis-web.org/issues/106
Winter Volume 25 Number 3 2008,https://www.jmis-web.org/issues/45
Fall Volume 25 Number 2 2008,https://www.jmis-web.org/issues/37
Summer Volume 25 Number 1 2008,https://www.jmis-web.org/issues/1
Spring Volume 24 Number 4 2008,https://www.jmis-web.org/issues/32
Winter Volume 24 Number 3 2007,https://www.jmis-web.org/issues/89
Fall Volume 24 Number 2 2007,https://www.jmis-web.org/issues/26
Summer Volume 24 Number 1 2007,https://www.jmis-web.org/issues/108
Spring Volume 23 Number 4 2007,https://www.jmis-web.org/issues/68
Winter Volume 23 Number 3 2006,https://www.jmis-web.org/issues/112
Fall Volume 23 Number 2 2006,https://www.jmis-web.org/issues/47
Summer Volume 23 Number 1 2006,https://www.jmis-web.org/issues/61
Spring Volume 22 Number 4 2006,https://www.jmis-web.org/issues/77
Winter Volume 22 Number 3 2005,https://www.jmis-web.org/issues/15
Fall Volume 22 Number 2 2005,https://www.jmis-web.org/issues/29
Summer Volume 22 Number 1 2005,https://www.jmis-web.org/issues/86
Spring Volume 21 Number 4 2005,https://www.jmis-web.org/issues/62
Winter Volume 21 Number 3 2004,https://www.jmis-web.org/issues/93
Fall Volume 21 Number 2 2004,https://www.jmis-web.org/issues/46
Summer Volume 21 Number 1 2004,https://www.jmis-web.org/issues/102
Spring Volume 20 Number 4 2004,https://www.jmis-web.org/issues/76
Winter Volume 20 Number 3 2003,https://www.jmis-web.org/issues/39
Fall Volume 20 Number 2 2003,https://www.jmis-web.org/issues/31
Summer Volume 20 Number 1 2003,https://www.jmis-web.org/issues/116
Spring Volume 19 Number 4 2003,https://www.jmis-web.org/issues/73
Winter Volume 19 Number 3 2002,https://www.jmis-web.org/issues/83
Fall Volume 19 Number 2 2002,https://www.jmis-web.org/issues/60
Summer Volume 19 Number 1 2002,https://www.jmis-web.org/issues/13
Spring Volume 18 Number 4 2002,https://www.jmis-web.org/issues/49
Winter Volume 18 Number 3 2001,https://www.jmis-web.org/issues/23
Fall Volume 18 Number 2 2001,https://www.jmis-web.org/issues/28
Summer Volume 18 Number 1 2001,https://www.jmis-web.org/issues/58
Spring Volume 17 Number 4 2001,https://www.jmis-web.org/issues/50
Winter Volume 17 Number 3 2000,https://www.jmis-web.org/issues/111
Fall Volume 17 Number 2 2000,https://www.jmis-web.org/issues/92
Summer Volume 17 Number 1 2000,https://www.jmis-web.org/issues/82
Spring Volume 16 Number 4 2000,https://www.jmis-web.org/issues/87
Winter Volume 16 Number 3 1999,https://www.jmis-web.org/issues/75
Fall Volume 16 Number 2 1999,https://www.jmis-web.org/issues/94
Summer Volume 16 Number 1 1999,https://www.jmis-web.org/issues/38
Spring Volume 15 Number 4 1999,https://www.jmis-web.org/issues/103
Winter Volume 15 Number 3 1998,https://www.jmis-web.org/issues/72
Fall Volume 15 Number 2 1998,https://www.jmis-web.org/issues/11
Summer Volume 15 Number 1 1998,https://www.jmis-web.org/issues/119
Spring Volume 14 Number 4 1998,https://www.jmis-web.org/issues/104
Winter Volume 14 Number 3 1997,https://www.jmis-web.org/issues/78
Fall Volume 14 Number 2 1997,https://www.jmis-web.org/issues/95
Summer Volume 14 Number 1 1997,https://www.jmis-web.org/issues/56
Spring Volume 13 Number 4 1997,https://www.jmis-web.org/issues/55
Winter Volume 13 Number 3 1996,https://www.jmis-web.org/issues/113
Fall Volume 13 Number 2 1996,https://www.jmis-web.org/issues/8
Summer Volume 13 Number 1 1996,https://www.jmis-web.org/issues/107
Spring Volume 12 Number 4 1996,https://www.jmis-web.org/issues/70
Winter Volume 12 Number 3 1995,https://www.jmis-web.org/issues/101
Fall Volume 12 Number 2 1995,https://www.jmis-web.org/issues/88
Summer Volume 12 Number 1 1995,https://www.jmis-web.org/issues/97
Spring Volume 11 Number 4 1995,https://www.jmis-web.org/issues/57
Winter Volume 11 Number 3 1994,https://www.jmis-web.org/issues/52
Fall Volume 11 Number 2 1994,https://www.jmis-web.org/issues/6
Summer Volume 11 Number 1 1994,https://www.jmis-web.org/issues/117
Spring Volume 10 Number 4 1994,https://www.jmis-web.org/issues/51
Winter Volume 10 Number 3 1993,https://www.jmis-web.org/issues/34
Fall Volume 10 Number 2 1993,https://www.jmis-web.org/issues/36
Summer Volume 10 Number 1 1993,https://www.jmis-web.org/issues/44
Spring Volume 9 Number 4 1993,https://www.jmis-web.org/issues/110
Winter Volume 9 Number 3 1992,https://www.jmis-web.org/issues/74
Fall Volume 9 Number 2 1992,https://www.jmis-web.org/issues/3
Summer Volume 9 Number 1 1992,https://www.jmis-web.org/issues/10
Spring Volume 8 Number 4 1992,https://www.jmis-web.org/issues/14
Winter Volume 8 Number 3 1991,https://www.jmis-web.org/issues/42
Fall Volume 8 Number 2 1991,https://www.jmis-web.org/issues/35
Summer Volume 8 Number 1 1991,https://www.jmis-web.org/issues/21
Spring Volume 7 Number 4 1991,https://www.jmis-web.org/issues/99
Winter Volume 7 Number 3 1990,https://www.jmis-web.org/issues/91
Fall Volume 7 Number 2 1990,https://www.jmis-web.org/issues/19
Summer Volume 7 Number 1 1990,https://www.jmis-web.org/issues/9
Spring Volume 6 Number 4 1990,https://www.jmis-web.org/issues/4
Winter Volume 6 Number 3 1989,https://www.jmis-web.org/issues/69
Fall Volume 6 Number 2 1989,https://www.jmis-web.org/issues/79
Summer Volume 6 Number 1 1989,https://www.jmis-web.org/issues/2
Spring Volume 5 Number 4 1989,https://www.jmis-web.org/issues/67
Winter Volume 5 Number 3 1988,https://www.jmis-web.org/issues/118
Fall Volume 5 Number 2 1988,https://www.jmis-web.org/issues/98
Summer Volume 5 Number 1 1988,https://www.jmis-web.org/issues/84
Spring Volume 4 Number 4 1988,https://www.jmis-web.org/issues/53
Winter Volume 4 Number 3 1987,https://www.jmis-web.org/issues/16
Fall Volume 4 Number 2 1987,https://www.jmis-web.org/issues/5
Summer Volume 4 Number 1 1987,https://www.jmis-web.org/issues/105
Spring Volume 3 Number 4 1987,https://www.jmis-web.org/issues/25
Winter Volume 3 Number 3 1986,https://www.jmis-web.org/issues/54
Fall Volume 3 Number 2 1986,https://www.jmis-web.org/issues/63
Summer Volume 3 Number 1 1986,https://www.jmis-web.org/issues/81
Spring Volume 2 Number 4 1986,https://www.jmis-web.org/issues/114
Winter Volume 2 Number 3 1985,https://www.jmis-web.org/issues/17
Fall Volume 2 Number 2 1985,https://www.jmis-web.org/issues/59
Summer Volume 2 Number 1 1985,https://www.jmis-web.org/issues/12
Spring Volume 1 Number 4 1985,https://www.jmis-web.org/issues/85
Winter Volume 1 Number 3 1984,https://www.jmis-web.org/issues/115
Fall Volume 1 Number 2 1984,https://www.jmis-web.org/issues/109
Summer Volume 1 Number 1 1984,https://www.jmis-web.org/issues/96
